date,beta_expectation,expected_target_beta,protected_beta,overlay_beta,beta_overlay_multiplier,deployment_overlay_multiplier,overlay_state,target_beta,raw_target_beta,entropy,prior_details,predicted_regime,actual_regime,raw_regime,stable_regime,deployment_state,deployment_multiplier,expected_deployment_state,expected_deployment_multiplier,deployment_rank_abs_error,actual_deployment_cash,expected_deployment_cash,deployment_pacing_error,lock_active,target_bucket,close,price_topology_regime,price_topology_expected_beta,price_topology_confidence,price_topology_posterior_blend_weight,price_topology_beta_anchor_weight,forensic_snapshot_path,forensic_stress_score,forensic_mid_cycle_penalty,forensic_bust_penalty,resonance_action,resonance_confidence,resonance_reason,actual_regime_probability,brier,test_type,prob_MID_CYCLE,prob_LATE_CYCLE,prob_BUST,prob_RECOVERY,prob_delta_MID_CYCLE,prob_acceleration_MID_CYCLE,prob_trend_MID_CYCLE,prob_delta_LATE_CYCLE,prob_acceleration_LATE_CYCLE,prob_trend_LATE_CYCLE,prob_delta_BUST,prob_acceleration_BUST,prob_trend_BUST,prob_delta_RECOVERY,prob_acceleration_RECOVERY,prob_trend_RECOVERY,Close,Volume,benchmark_prob_MID_CYCLE,benchmark_prob_delta_MID_CYCLE,benchmark_prob_acceleration_MID_CYCLE,benchmark_prob_lower_MID_CYCLE,benchmark_prob_upper_MID_CYCLE,benchmark_prob_delta_lower_MID_CYCLE,benchmark_prob_delta_upper_MID_CYCLE,benchmark_prob_acceleration_lower_MID_CYCLE,benchmark_prob_acceleration_upper_MID_CYCLE,benchmark_prob_LATE_CYCLE,benchmark_prob_delta_LATE_CYCLE,benchmark_prob_acceleration_LATE_CYCLE,benchmark_prob_lower_LATE_CYCLE,benchmark_prob_upper_LATE_CYCLE,benchmark_prob_delta_lower_LATE_CYCLE,benchmark_prob_delta_upper_LATE_CYCLE,benchmark_prob_acceleration_lower_LATE_CYCLE,benchmark_prob_acceleration_upper_LATE_CYCLE,benchmark_prob_BUST,benchmark_prob_delta_BUST,benchmark_prob_acceleration_BUST,benchmark_prob_lower_BUST,benchmark_prob_upper_BUST,benchmark_prob_delta_lower_BUST,benchmark_prob_delta_upper_BUST,benchmark_prob_acceleration_lower_BUST,benchmark_prob_acceleration_upper_BUST,benchmark_prob_RECOVERY,benchmark_prob_delta_RECOVERY,benchmark_prob_acceleration_RECOVERY,benchmark_prob_lower_RECOVERY,benchmark_prob_upper_RECOVERY,benchmark_prob_delta_lower_RECOVERY,benchmark_prob_delta_upper_RECOVERY,benchmark_prob_acceleration_lower_RECOVERY,benchmark_prob_acceleration_upper_RECOVERY,benchmark_regime,benchmark_expected_beta,benchmark_ma_gap,benchmark_drawdown,benchmark_recent_drawdown_depth,benchmark_rebound_from_trough,benchmark_price_volume_divergence,benchmark_volume_ratio,benchmark_daily_rsi,benchmark_weekly_rsi,benchmark_monthly_rsi,benchmark_bearish_rsi_divergence,benchmark_bullish_rsi_divergence,benchmark_recent_damage,benchmark_recovery_impulse,benchmark_bust_pressure,benchmark_transition_intensity,test_type_forensic,actual_regime_forensic,predicted_regime_forensic,raw_regime_forensic,stable_regime_forensic,price_topology_regime_forensic,price_topology_expected_beta_forensic,price_topology_confidence_forensic,price_topology_transition_intensity,price_topology_recovery_impulse,price_topology_damage_memory,price_topology_bust_pressure,price_topology_bullish_divergence,price_topology_bearish_divergence,price_topology_recovery_prob_delta,price_topology_recovery_prob_acceleration,price_topology_repair_persistence,price_topology_recovery_process_weight,price_topology_posterior_blend_weight_forensic,price_topology_beta_anchor_weight_forensic,price_topology_prob_MID_CYCLE,price_topology_prob_LATE_CYCLE,price_topology_prob_BUST,price_topology_prob_RECOVERY,stabilizer_raw_regime,stabilizer_stable_regime,stabilizer_switched,stabilizer_barrier,stabilizer_evidence,release_failure_cause
2023-02-03,0.726268709237436,1.0,0.6108441160618484,0.6108441160618484,1.0,1.0,NEUTRAL,0.5998857663264088,0.726268709237436,0.7866759209320913,"{'base_weight': 0.05, 'posterior_weight': 0.6447838064721841, 'transition_weight': 0.3052161935278158, 'base_priors': {'MID_CYCLE': 0.1734328128490912, 'LATE_CYCLE': 0.18566178068448966, 'BUST': 0.5671070629086742, 'RECOVERY': 0.07379834355774499}, 'posterior_prior': {'MID_CYCLE': 0.0, 'LATE_CYCLE': 0.06898884113292443, 'BUST': 0.3727116021339766, 'RECOVERY': 0.558299556733099}, 'transition_prior': {'MID_CYCLE': 0.2067152618585572, 'LATE_CYCLE': 0.11531055585523801, 'BUST': 0.23756283400852568, 'RECOVERY': 0.4404113482776791}, 'is_stable': True, 'stress_score': 0.22391903236092084}",BUST,MID_CYCLE,BUST,BUST,DEPLOY_PAUSE,0.0,DEPLOY_BASE,1.0,2,0.0,1000.0,-1.0,False,QQQ,300.3785705566406,RECOVERY,0.7383252147929819,0.1101088901472769,0.0122348787579886,0.0203914645966477,/tmp/regime_process_mainline_8yr_release_v7/mainline_snapshots/snapshot_2023-02-03.json,0.2239190323609208,0.677395782417856,0.985232670630452,SELL_QLD,0.8,System entropy is rebuilding into defensive fog.,0.0465205825313188,1.3135615887457788,VALIDATION,0.0465205825313188,0.1127367249696537,0.55876369169756,0.2819790008014674,0.0465205825,0.0515370526,RISING,0.0437478839,0.1027985173,RISING,0.1860520896,0.3279673838,RISING,-0.2763205559,-0.4823029537,FALLING,300.3785705566406,76170800,0.0014064715118777,-2.5017570388708712e-05,-0.0001119650420548,0.0,0.256117897915243,-0.0724384454913982,0.0723884103506208,-0.0500542503227279,0.0498303202386182,0.0837433970886666,-0.0092367350277713,0.0734687177344923,0.0,0.3384548234920319,-0.0816501629487809,0.0631766928932381,0.0235264324538192,0.1234110030151653,0.4451392670839604,0.0290368271693373,0.0479590926070903,0.1904278406805951,0.6998506934873256,-0.0433766007516722,0.1014502550903469,-0.0019831926735827,0.0979013778877633,0.4697108643154951,-0.0197750745711773,-0.1213158452995278,0.2149994379121298,0.7244222907188603,-0.0921885024921869,0.0526383533498321,-0.1712581305802009,-0.0713735600188548,RECOVERY,0.7372664674001055,-0.0332938747464857,-0.2355595716936305,0.351187146770344,0.1782140635795721,0.0,0.0126870645336685,67.17119555124478,57.93522184049033,48.869732677912566,0.0,0.0,0.8197109360861856,0.4178356954045558,0.4293205560483383,0.8735571320168262,VALIDATION,MID_CYCLE,BUST,BUST,BUST,RECOVERY,0.7383252147929819,0.11010889014727693,0.8570901814862443,0.4035423873866956,0.8197109360861856,0.4171555781648284,0.0,0.0,-0.02305604847609205,-0.09375927716444521,0.38228116050133754,0.6565481382741024,0.01223487875798866,0.020391464596647767,0.001423952752942246,0.0888921236625566,0.4410741376287309,0.4686097859557703,BUST,BUST,False,0.9219258374035497,0.0,posterior_trapped_in_bust
2023-02-06,0.7195995721174863,1.0,0.6098710058553503,0.5,0.57869,0.708324,PENALTY,0.5191727423158728,0.7195995721174863,0.7749584487058683,"{'base_weight': 0.05, 'posterior_weight': 0.6434801297432159, 'transition_weight': 0.30651987025678407, 'base_priors': {'MID_CYCLE': 0.1728118176608692, 'LATE_CYCLE': 0.1853049505461622, 'BUST': 0.5670662378962804, 'RECOVERY': 0.07481699389668828}, 'posterior_prior': {'MID_CYCLE': 0.04652058253131888, 'LATE_CYCLE': 0.11273672496965371, 'BUST': 0.55876369169756, 'RECOVERY': 0.2819790008014674}, 'transition_prior': {'MID_CYCLE': 0.16570398322386196, 'LATE_CYCLE': 0.15350884412973984, 'BUST': 0.32295415707982544, 'RECOVERY': 0.35783301556657277}, 'is_stable': True, 'stress_score': 0.21740064871607934}",BUST,MID_CYCLE,BUST,BUST,DEPLOY_PAUSE,0.0,DEPLOY_BASE,1.0,2,0.0,1000.0,-1.0,False,QQQ,297.837646484375,RECOVERY,0.7296484585245688,0.1087529409857349,0.0112308614309087,0.0187181023848479,/tmp/regime_process_mainline_8yr_release_v7/mainline_snapshots/snapshot_2023-02-06.json,0.2174006487160793,0.6783822354328779,0.9913388195093068,HOLD,0.0,Noise: No resonance detected,0.0402300633243865,1.3345871207448865,VALIDATION,0.0402300633243865,0.1151207029621165,0.5697353511024003,0.2749138826110966,-0.0062905192,-0.0528111017,FALLING,0.002383978,-0.0413639058,RISING,0.0109716594,-0.1750804302,RISING,-0.0070651182,0.2692554377,FALLING,297.837646484375,40802300,0.0013983292318616,-8.14228001607591e-06,1.6875290372632802e-05,0.0,0.2580943899299477,-0.0730169604894419,0.0730006759294097,-0.0503223368492445,0.0503560874299898,0.0890814203954675,0.0053380233068009,0.0145747583345722,0.0,0.3457774810935536,-0.0676707949026249,0.0783468415162267,-0.0357644538050449,0.0649139704741895,0.4433674120031924,-0.0017718550807679,-0.0308086822501053,0.1866713513051063,0.7000634727012784,-0.0747806732901938,0.0712369631286578,-0.0811478943897225,0.0195305298895118,0.4661528383694783,-0.0035580259460167,0.0162170486251606,0.2094567776713922,0.7228488990675644,-0.0765668441554425,0.069450792263409,-0.0341221635144565,0.0665562607647778,RECOVERY,0.7372622844624295,-0.0314397504076284,-0.2420260286133009,0.351187146770344,0.1672045406856463,0.0,0.0065934626428665,64.24423065736808,57.93522184049033,48.869732677912566,0.0,0.0,0.8197109360861856,0.4062125082224896,0.4251556131201024,0.8834803034904303,VALIDATION,MID_CYCLE,BUST,BUST,BUST,RECOVERY,0.7296484585245688,0.10875294098573497,0.9486895565640013,0.38478180955285807,0.8197109360861856,0.4455356362540185,0.0,0.0,-0.019379265099427945,0.0036767833766641056,0.372881736277344,0.6588246421321898,0.01123086143090876,0.01871810238484793,0.001389459587732664,0.08910173788653951,0.44673052085634235,0.4627782816693855,BUST,BUST,False,0.86090595742138,0.0,posterior_trapped_in_bust
2023-02-08,0.7199286742112493,1.0,0.6095716153939099,0.6095716153939099,1.0,1.0,NEUTRAL,0.5753413352557032,0.7199286742112493,0.7773195541111726,"{'base_weight': 0.05, 'posterior_weight': 0.6412312595046884, 'transition_weight': 0.30876874049531156, 'base_priors': {'MID_CYCLE': 0.17132089457254304, 'LATE_CYCLE': 0.1844766096379733, 'BUST': 0.5663587518751924, 'RECOVERY': 0.0778437439142913}, 'posterior_prior': {'MID_CYCLE': 9.702439441201804e-05, 'LATE_CYCLE': 0.08588708812863649, 'BUST': 0.41985301943004627, 'RECOVERY': 0.49416286804690523}, 'transition_prior': {'MID_CYCLE': 0.19082060344979915, 'LATE_CYCLE': 0.12670744447966878, 'BUST': 0.26012146636210864, 'RECOVERY': 0.4223504857084235}, 'is_stable': True, 'stress_score': 0.2061562975234419}",BUST,MID_CYCLE,BUST,BUST,DEPLOY_PAUSE,0.0,DEPLOY_BASE,1.0,2,0.0,1000.0,-1.0,False,QQQ,298.60284423828125,RECOVERY,0.7352186247821267,0.1084734203442849,0.0112080015625543,0.0186800026042572,/tmp/regime_process_mainline_8yr_release_v7/mainline_snapshots/snapshot_2023-02-08.json,0.2061562975234419,0.6785855866995326,0.9929297106247827,SELL_QLD,0.8,System entropy is rebuilding into defensive fog.,0.0399555017240497,1.3331435575691435,VALIDATION,0.0399555017240497,0.1181132782259377,0.5677363202476076,0.274194899802405,0.0398584773,0.0799915162,RISING,0.0322261901,0.0614598049,RISING,0.1478833008,0.2977656325,RISING,-0.2199679682,-0.4392169536,FALLING,298.60284423828125,56720900,0.0014350218509753,-4.310302705544215e-06,-4.531322452469913e-05,0.0,0.2036323346029584,-0.0566635041283004,0.0566548835228893,-0.0394847757749213,0.0393941493258719,0.0921717364760907,0.0056529187861693,0.0082155214917155,0.0,0.2943690492280738,-0.0510062750394256,0.0623121126117642,-0.031223941058681,0.0476549840421121,0.4172794710775777,0.0163360816236434,0.0587601041729015,0.2150821583255946,0.6194767838295608,-0.0403231122019515,0.0729952754492383,0.0193206416225048,0.0981995667232981,0.4891137705953563,-0.0219846901071071,-0.0669303124400922,0.2869164578433732,0.6913110833473395,-0.078643883932702,0.0346745037184878,-0.1063697749904888,-0.0274908498896956,RECOVERY,0.748541979728774,-0.0280007589588799,-0.2400786590068367,0.351187146770344,0.1702032962272117,0.0,0.0623639046802091,61.925586976971374,57.93522184049033,48.869732677912566,0.0,0.0,0.8197109360861856,0.4075989259608527,0.3835814720807822,0.6109865637599156,VALIDATION,MID_CYCLE,BUST,BUST,BUST,RECOVERY,0.7352186247821267,0.10847342034428498,0.937575057835729,0.3876081691237742,0.8197109360861856,0.430144951755412,0.0,0.0,-0.026589862561648137,-0.0642360873785181,0.3751870076741807,0.6371727107310335,0.011208001562554328,0.018680002604257215,0.0013885842944868273,0.09108602006651705,0.447238512527432,0.4602868831115642,BUST,BUST,False,0.8726850161994547,0.0,posterior_trapped_in_bust
2023-02-09,0.7275686490644414,1.0,0.6143585890938827,0.5737722176225736,0.933937,0.954264,PENALTY,0.5756711318879077,0.7275686490644414,0.7725005072656851,"{'base_weight': 0.05, 'posterior_weight': 0.640289701708526, 'transition_weight': 0.309710298291474, 'base_priors': {'MID_CYCLE': 0.17067790441806793, 'LATE_CYCLE': 0.18415178307756158, 'BUST': 0.5663654946168032, 'RECOVERY': 0.07880481788756734}, 'posterior_prior': {'MID_CYCLE': 0.03995550172404978, 'LATE_CYCLE': 0.11811327822593774, 'BUST': 0.5677363202476076, 'RECOVERY': 0.274194899802405}, 'transition_prior': {'MID_CYCLE': 0.15988345126244988, 'LATE_CYCLE': 0.15591903800030027, 'BUST': 0.3276241822332625, 'RECOVERY': 0.3565733285039874}, 'is_stable': True, 'stress_score': 0.20144850854262963}",BUST,MID_CYCLE,BUST,BUST,DEPLOY_PAUSE,0.0,DEPLOY_BASE,1.0,2,0.0,1000.0,-1.0,False,QQQ,295.9638366699219,RECOVERY,0.7293421945536707,0.1103342479858388,0.0115312158175472,0.0192186930292454,/tmp/regime_process_mainline_8yr_release_v7/mainline_snapshots/snapshot_2023-02-09.json,0.2014485085426296,0.6772318345903022,0.989991591755722,HOLD,0.0,Noise: No resonance detected,0.0338250384542277,1.3432122851871486,VALIDATION,0.0338250384542277,0.1159697509390529,0.5570965363473666,0.2931086742593528,-0.0061304632,-0.0459889405,FALLING,-0.0021435273,-0.0343697174,FALLING,-0.0106397839,-0.1585230847,FALLING,0.0189137745,0.2388817427,RISING,295.9638366699219,49137800,0.0013872055096734,-4.781634130183879e-05,-4.3506038596294577e-05,0.0,0.2657801402917225,-0.0753656967759165,0.0752700640933128,-0.0519220929950061,0.0518350809178135,0.0918954155659016,-0.0002763209101891,-0.0059292396963584,0.0,0.3562883503479506,-0.0755942013448038,0.0750415595244256,-0.0578078266527682,0.0459493472600513,0.4454295696168528,0.028150098539275,0.0118140169156316,0.1810366348348037,0.7098225043989019,-0.0471677818953396,0.1034679789738897,-0.0400645700407781,0.0636926038720414,0.461287809307572,-0.0278259612877842,-0.0058412711806771,0.196894874525523,0.7256807440896211,-0.1031438417223989,0.0474919191468304,-0.0577198581370869,0.0460373157757326,RECOVERY,0.7359111018884983,-0.0262117699182331,-0.2467947309027843,0.351187146770344,0.1598612133741819,0.0,0.0735865640607333,59.186690743246466,57.93522184049033,48.869732677912566,0.0,0.0,0.8197109360861856,0.3855120433939428,0.4251590115284636,0.9219646739102452,VALIDATION,MID_CYCLE,BUST,BUST,BUST,RECOVERY,0.7293421945536707,0.11033424798583885,0.9353254304791415,0.3537561024075842,0.8197109360861856,0.4269413595378646,0.0,0.0,-0.01376682120506978,0.012823041356578357,0.3625795096994322,0.6975302497035747,0.011531215817547295,0.019218693029245493,0.0014247795685611926,0.09208179311013204,0.44402006190649446,0.4624733654148124,BUST,BUST,False,0.8489035491695021,0.0,posterior_trapped_in_bust
2023-02-10,0.646665250915927,1.0,0.5813074365820685,0.5598484725606414,0.963085,0.974444,PENALTY,0.5654392011153352,0.646665250915927,0.7152596880463378,"{'base_weight': 0.05, 'posterior_weight': 0.6397433981834626, 'transition_weight': 0.31025660181653736, 'base_priors': {'MID_CYCLE': 0.1700079843342852, 'LATE_CYCLE': 0.18381801942298984, 'BUST': 0.5663201213521901, 'RECOVERY': 0.07985387489053491}, 'posterior_prior': {'MID_CYCLE': 0.033825038454227734, 'LATE_CYCLE': 0.11596975093905292, 'BUST': 0.5570965363473666, 'RECOVERY': 0.2931086742593528}, 'transition_prior': {'MID_CYCLE': 0.16096847715243684, 'LATE_CYCLE': 0.15335243083596267, 'BUST': 0.32283898938909095, 'RECOVERY': 0.36284010262250954}, 'is_stable': True, 'stress_score': 0.19871699091731337}",BUST,MID_CYCLE,BUST,BUST,DEPLOY_PAUSE,0.0,DEPLOY_BASE,1.0,2,0.0,1000.0,-1.0,False,QQQ,294.021484375,BUST,0.7223028630892052,0.104609361650321,0.0127202396754705,0.0212003994591175,/tmp/regime_process_mainline_8yr_release_v7/mainline_snapshots/snapshot_2023-02-10.json,0.1987169909173133,0.6813966893993915,1.0366132765776124,HOLD,0.0,Noise: No resonance detected,0.0607963628189924,1.3758564539495517,VALIDATION,0.0607963628189924,0.1350015451120108,0.6779244154476175,0.1262776766213792,0.0269713243,0.0331017876,RISING,0.0190317942,0.0211753215,RISING,0.1208278791,0.131467663,RISING,-0.1668309977,-0.1857447722,FALLING,294.021484375,50050100,0.0014143329241013,2.7127414427882473e-05,7.494375572972127e-05,0.0,0.2814143329241014,-0.0799728725855721,0.0800271274144278,-0.0549250562442702,0.0550749437557297,0.0923767302771245,0.0004813147112229,0.000757635621412,0.0,0.3723767302771246,-0.079518685288777,0.0804813147112229,-0.0542423643785879,0.055757635621412,0.4528825359715476,0.0074529663546947,-0.0206971321845803,0.1728825359715475,0.7328825359715476,-0.0725470336453052,0.0874529663546947,-0.0756971321845803,0.0343028678154197,0.4533264008272264,-0.0079614084803456,0.0198645528074386,0.1733264008272264,0.7333264008272264,-0.0879614084803456,0.0720385915196544,-0.0351354471925613,0.0748645528074386,RECOVERY,0.732487782563645,-0.0245852220964301,-0.2517378685490565,0.351187146770344,0.152249272959648,0.0,0.0650117064843098,57.1820470313533,54.8342044495892,48.869732677912566,0.0,0.0,0.8197109360861856,0.3588056180474298,0.4197507156393336,1.0,VALIDATION,MID_CYCLE,BUST,BUST,BUST,BUST,0.7223028630892052,0.104609361650321,0.760344249934615,0.3266016489984101,0.8197109360861856,0.4345984304943214,0.0,0.0,-0.01603774670780428,-0.0022709255027345,0.3516482517274296,0.28298014660176674,0.012720239675470504,0.021200399459117506,0.0014407406836345507,0.09264471291265247,0.4754322312050228,0.4304823151986901,BUST,BUST,False,0.6279929974955012,0.0,topology_not_confirmed
2023-02-16,0.7538882554122751,1.0,0.622383155195579,0.622383155195579,1.0,1.0,NEUTRAL,0.5534125824090526,0.7538882554122751,0.7955220975720322,"{'base_weight': 0.05, 'posterior_weight': 0.6354997376909652, 'transition_weight': 0.3145002623090347, 'base_priors': {'MID_CYCLE': 0.16705713677861173, 'LATE_CYCLE': 0.18237996440701057, 'BUST': 0.5646236345857621, 'RECOVERY': 0.0859392642286155}, 'posterior_prior': {'MID_CYCLE': 0.007137373964333081, 'LATE_CYCLE': 0.10777165937003823, 'BUST': 0.40622443021168386, 'RECOVERY': 0.4788665364539449}, 'transition_prior': {'MID_CYCLE': 0.19047549401922703, 'LATE_CYCLE': 0.1421345748442067, 'BUST': 0.2569336636861382, 'RECOVERY': 0.4104562674504282}, 'is_stable': True, 'stress_score': 0.1774986884548265}",BUST,MID_CYCLE,BUST,BUST,DEPLOY_PAUSE,0.0,DEPLOY_BASE,1.0,2,0.0,1000.0,-1.0,False,QQQ,297.5531921386719,RECOVERY,0.7555403931529256,0.2889022871577933,0.0466818160385444,0.0778030267309073,/tmp/regime_process_mainline_8yr_release_v7/mainline_snapshots/snapshot_2023-02-16.json,0.1774986884548265,0.5473235860927054,0.9291167290944208,SELL_QLD,0.8,System entropy is rebuilding into defensive fog.,0.0306336983398683,1.3232689255593946,VALIDATION,0.0306336983398683,0.1312646985229824,0.5061149419947388,0.3319866611424104,0.0234963243,0.0202747748,RISING,0.0234930391,0.0181335822,RISING,0.0998905118,0.0941426814,RISING,-0.1468798754,-0.1325510386,FALLING,297.5531921386719,59498600,0.001408516285471,9.109617429533048e-07,-1.113895324609442e-05,0.0,0.2182594845432442,-0.061054379515589,0.0610562014390749,-0.0423813326048007,0.0423590546983085,0.0985000285506661,0.0073367764839997,0.0058133061899127,0.0,0.3153509968084394,-0.0537185139933322,0.0683920669613317,-0.0365568874616419,0.0481834998414673,0.4207227228006476,0.0163519637872389,0.0349436942944517,0.2038717545428744,0.6375736910584209,-0.044703326690093,0.0774072542645708,-0.0074264993571028,0.0773138879460064,0.4793687323632151,-0.0236896512329816,-0.0407458615311184,0.2625177641054419,0.6962197006209884,-0.0847449417103136,0.0373656392443502,-0.083116055182673,0.0016243321204362,RECOVERY,0.7460406220856557,-0.019740928807324,-0.2427499431104635,0.351187146770344,0.1660897843482875,0.0,0.1072997767303201,57.3463237982655,54.8342044495892,48.869732677912566,0.0,0.0,0.8197109360861856,0.3818721544504111,0.387906947989771,0.6842548412888662,VALIDATION,MID_CYCLE,BUST,BUST,BUST,RECOVERY,0.7555403931529256,0.2889022871577933,0.46923554709148113,0.35260540078871844,0.8197109360861856,0.3270244042608379,0.0,0.0,-0.039760504920885675,-0.0633055305959066,0.3701355995064254,0.6940762414219086,0.04668181603854442,0.07780302673090737,0.0015260511064537569,0.1085439063567528,0.39629028000934835,0.4936397625274451,BUST,BUST,False,0.24327249849119942,0.23512972027591367,posterior_trapped_in_bust
2023-02-17,0.7540799798359751,1.0,0.6233203716802771,0.6233203716802771,1.0,1.0,NEUTRAL,0.5643617898584691,0.7540799798359751,0.7917663871539544,"{'base_weight': 0.05, 'posterior_weight': 0.6344720024053263, 'transition_weight': 0.31552799759467365, 'base_priors': {'MID_CYCLE': 0.1663889721374913, 'LATE_CYCLE': 0.1821296158329236, 'BUST': 0.5643370750323973, 'RECOVERY': 0.08714433699718774}, 'posterior_prior': {'MID_CYCLE': 0.03063369833986833, 'LATE_CYCLE': 0.13126469852298242, 'BUST': 0.5061149419947388, 'RECOVERY': 0.3319866611424104}, 'transition_prior': {'MID_CYCLE': 0.16795944016834435, 'LATE_CYCLE': 0.1623835593065332, 'BUST': 0.30280272069782976, 'RECOVERY': 0.36685427982729263}, 'is_stable': True, 'stress_score': 0.17236001202663145}",BUST,MID_CYCLE,BUST,BUST,DEPLOY_PAUSE,0.0,DEPLOY_BASE,1.0,2,0.0,1000.0,-1.0,False,QQQ,295.4537658691406,RECOVERY,0.7481184448827642,0.1634407361311989,0.0219823114256891,0.0366371857094818,/tmp/regime_process_mainline_8yr_release_v7/mainline_snapshots/snapshot_2023-02-17.json,0.1723600120266314,0.6385968644645528,0.9618394954645656,SELL_QLD,0.8,System entropy is rebuilding into defensive fog.,0.0280642933124941,1.3296334955255429,VALIDATION,0.0280642933124941,0.1319115735409686,0.5059001979508085,0.3341239351957288,-0.002569405,-0.0260657294,FALLING,0.000646875,-0.0228461642,RISING,-0.000214744,-0.1001052558,FALLING,0.0021372741,0.1490171494,RISING,295.4537658691406,58230700,0.0052309105110875,0.0038223942256165,0.0038214832638736,0.0,0.2325275252008818,-0.0603665901813217,0.0680113786325548,-0.0406378396740852,0.0482808062018324,0.1031721888781605,0.0046721603274943,-0.0026646161565053,0.0,0.3304688035679548,-0.0595168240794439,0.0688611447344326,-0.0471239390944642,0.0417947067814534,0.4211759864185017,0.000453263617854,-0.0158987001693848,0.1938793717287074,0.648472601108296,-0.0637357207890842,0.0646422480247923,-0.0603580231073437,0.0285606227685739,0.4704209141922502,-0.0089478181709649,0.0147418330620167,0.2431242995024559,0.6977175288820445,-0.0731368025779031,0.0552411662359733,-0.029717489875942,0.0592011559999756,RECOVERY,0.745518068831059,-0.0180830402037076,-0.2480928219773015,0.351187146770344,0.1578622822055719,0.0,0.0983010037448355,55.1262484211762,55.41326261052479,48.869732677912566,0.0,0.0,0.8197109360861856,0.3703814950561203,0.3899315209962765,0.7364830734489713,VALIDATION,MID_CYCLE,BUST,BUST,BUST,RECOVERY,0.7481184448827642,0.16344073613119897,0.6551825944180426,0.3448498915110094,0.8197109360861856,0.3550570379807314,0.0,0.0,-0.017556880076817716,0.02220362484406796,0.3649458952833045,0.7718698940237567,0.021982311425689127,0.03663718570948188,0.0014686922022550523,0.11024455689580581,0.41220386845131174,0.47608288245062746,BUST,BUST,False,0.2610842748689858,0.23773838890178128,posterior_trapped_in_bust
2023-03-03,0.7782999837220669,1.0,0.6216397219526354,0.6228767849993211,1.00199,1.007962,REWARD,0.5971301840555537,0.7782999837220669,0.8472052011285732,"{'base_weight': 0.05, 'posterior_weight': 0.6244822926911602, 'transition_weight': 0.3255177073088398, 'base_priors': {'MID_CYCLE': 0.16145108491467963, 'LATE_CYCLE': 0.1807951393082662, 'BUST': 0.5628065530898032, 'RECOVERY': 0.09494722268725107}, 'posterior_prior': {'MID_CYCLE': 0.0940467467934223, 'LATE_CYCLE': 0.20194856218094873, 'BUST': 0.5785126072588983, 'RECOVERY': 0.12549208376673077}, 'transition_prior': {'MID_CYCLE': 0.1525306769582619, 'LATE_CYCLE': 0.22030357893334324, 'BUST': 0.3422463916778241, 'RECOVERY': 0.2849193524305708}, 'is_stable': True, 'stress_score': 0.12241146345580126}",BUST,MID_CYCLE,BUST,BUST,DEPLOY_PAUSE,0.0,DEPLOY_BASE,1.0,2,0.0,1000.0,-1.0,False,QQQ,294.00177001953125,RECOVERY,0.7530380189746995,0.1409639082028315,0.0168152490040008,0.028025415006668,/tmp/regime_process_mainline_8yr_release_v7/mainline_snapshots/snapshot_2023-03-03.json,0.1224114634558012,0.6647002022493308,0.9734108955257688,SELL_QLD,0.8472052011285732,System entropy is rebuilding into defensive fog.,0.0271879459977018,1.2826861795177504,VALIDATION,0.0271879459977018,0.2185128812915084,0.4223789288178508,0.331920243892939,-0.0668588008,-0.0179006497,FALLING,0.0165643191,0.0059656783,RISING,-0.1561336785,-0.0971899978,FALLING,0.2064281601,0.1091249691,RISING,294.00177001953125,60511500,0.0081466103715762,-0.0364814867816177,-0.0473920146138933,0.0,0.1830261315028941,-0.0849453431210131,0.0119823695577776,-0.0813679188401569,-0.0134161103876297,0.1945817990971888,0.0884656880815713,0.0862386939222415,0.0197022779658708,0.3694613202285067,0.0400018317421759,0.1369295444209667,0.052262789695978,0.1202145981485051,0.3513315797747106,-0.0810728298030642,-0.0615151944541244,0.1764520586433926,0.5262111009060285,-0.1295366861424596,-0.0326089734636688,-0.0954910986803879,-0.0275392902278608,0.4459400107565244,0.0290886285031107,0.0226685151457763,0.2710604896252065,0.6208195318878424,-0.0193752278362846,0.0775524848425061,-0.0113073890804872,0.0566444193720399,RECOVERY,0.7635281802739596,-0.0082045609458241,-0.2517880400719797,0.351187146770344,0.152172013803556,0.0,0.0666830703017666,54.864551490372016,54.28005516740312,48.66546604853347,0.0,0.0,0.8197109360861856,0.2023488349660449,0.204899783035114,0.4743976056565895,VALIDATION,MID_CYCLE,BUST,BUST,BUST,RECOVERY,0.7530380189746995,0.1409639082028315,0.776651229198411,0.19774109292801123,0.8197109360861856,0.1863382787951548,0.0,0.0,0.0222359507728212,0.04389397993845401,0.5152536259210617,0.8813332074514854,0.016815249004000835,0.02802541500666806,0.009049219605066501,0.21401863180784578,0.3683646849214009,0.4085674636656869,BUST,BUST,False,0.32994492273257725,0.2837191397939523,posterior_trapped_in_bust
2023-03-06,0.766184921963966,1.0,0.6097122612321084,0.6100085813910672,1.000486,1.001946,REWARD,0.6057604536153983,0.766184921963966,0.8767316297783354,"{'base_weight': 0.05, 'posterior_weight': 0.62273186369175, 'transition_weight': 0.3272681363082499, 'base_priors': {'MID_CYCLE': 0.1607928425661906, 'LATE_CYCLE': 0.18098005540111953, 'BUST': 0.5621180885571018, 'RECOVERY': 0.09610901347558813}, 'posterior_prior': {'MID_CYCLE': 0.0271879459977018, 'LATE_CYCLE': 0.2185128812915084, 'BUST': 0.4223789288178508, 'RECOVERY': 0.33192024389293906}, 'transition_prior': {'MID_CYCLE': 0.1630830024003641, 'LATE_CYCLE': 0.21807335742343517, 'BUST': 0.27784997276971374, 'RECOVERY': 0.34099366740648696}, 'is_stable': True, 'stress_score': 0.11365931845875005}",BUST,MID_CYCLE,BUST,BUST,DEPLOY_PAUSE,0.0,DEPLOY_BASE,1.0,2,0.0,1000.0,-1.0,False,QQQ,294.3352966308594,RECOVERY,0.7670994269642978,0.2202966981698687,0.0324430346552258,0.0540717244253763,/tmp/regime_process_mainline_8yr_release_v7/mainline_snapshots/snapshot_2023-03-06.json,0.11365931845875,0.6360720297571053,0.9397719036000644,SELL_QLD,0.8767316297783354,System entropy is rebuilding into defensive fog.,0.0453990622896251,1.234324490246079,VALIDATION,0.0453990622896251,0.240375044199028,0.4286044309122718,0.285621462599075,0.0182111163,0.0850699171,RISING,0.0218621629,0.0052978438,RISING,0.0062255021,0.1623591805,RISING,-0.0462987813,-0.2527269414,FALLING,294.3352966308594,56736300,0.0119782680090603,0.0038316576374841,0.0403131444191018,0.0,0.2620644738499633,-0.0671942041147867,0.074857519389755,-0.0087040967490787,0.0893303855872824,0.1925747233235346,-0.0020070757736541,-0.0904727638552255,0.0,0.4426609291644376,-0.073032937525925,0.0690187859786167,-0.139490005023406,-0.0414555226870449,0.3842622969621088,0.0329307171873982,0.1140035469904625,0.1341760911212058,0.6343485028030118,-0.0380951445648726,0.1039565789396691,0.0649863058222819,0.1630207881586431,0.4111847117052962,-0.0347552990512282,-0.0638439275543389,0.1610985058643932,0.6612709175461992,-0.1057811608034991,0.0362705627010426,-0.1128611687225195,-0.0148266863861583,RECOVERY,0.7493935846694268,-0.0060233758431692,-0.2509392404217824,0.351187146770344,0.1534790808576269,0.0,0.0471763896977928,55.19445976469627,54.28005516740312,48.66546604853347,0.0,0.0,0.8197109360861856,0.2039981450036146,0.1988381932618142,0.8504310292045147,VALIDATION,MID_CYCLE,BUST,BUST,BUST,RECOVERY,0.7670994269642978,0.22029669816986877,0.5584087326824216,0.20250817383819014,0.8197109360861856,0.1925132335193436,0.0,0.0,0.012967678836650232,-0.009268271936170969,0.396183438895845,0.7091650964686593,0.03244303465522583,0.054071724425376375,0.02593507961799668,0.21048106349449308,0.3420487143851731,0.4215351425023372,BUST,BUST,False,0.41596361862806025,0.22225275831568675,posterior_trapped_in_bust
2023-03-07,0.8146298473318591,1.0,0.6329483483872069,0.634387039983091,1.002273,1.009092,REWARD,0.6086944315172138,0.8146298473318591,0.8643317537824943,"{'base_weight': 0.05, 'posterior_weight': 0.6209428863155234, 'transition_weight': 0.32905711368447654, 'base_priors': {'MID_CYCLE': 0.16022705458979544, 'LATE_CYCLE': 0.1812712753476317, 'BUST': 0.5614634568949884, 'RECOVERY': 0.09703821316758443}, 'posterior_prior': {'MID_CYCLE': 0.04539906228962512, 'LATE_CYCLE': 0.24037504419902805, 'BUST': 0.42860443091227185, 'RECOVERY': 0.285621462599075}, 'transition_prior': {'MID_CYCLE': 0.1617212353817445, 'LATE_CYCLE': 0.2356175831281163, 'BUST': 0.2830786236147883, 'RECOVERY': 0.3195825578753509}, 'is_stable': True, 'stress_score': 0.10471443157761726}",RECOVERY,MID_CYCLE,RECOVERY,BUST,DEPLOY_PAUSE,0.0,DEPLOY_BASE,1.0,2,0.0,1000.0,-1.0,False,QQQ,290.72503662109375,RECOVERY,0.7582286553534828,0.1273291159581858,0.013951120445994,0.0232518674099901,/tmp/regime_process_mainline_8yr_release_v7/mainline_snapshots/snapshot_2023-03-07.json,0.1047144315776172,0.714498355262165,0.9840908192789378,SELL_QLD,0.8643317537824943,System entropy is rebuilding into defensive fog.,0.03764289169709,1.253893720947009,VALIDATION,0.03764289169709,0.2089168507679708,0.3648846804467345,0.3885555770882046,-0.0077561706,-0.0259672869,FALLING,-0.0314581934,-0.0533203563,FALLING,-0.0637197505,-0.0699452526,FALLING,0.1029341145,0.1492328958,RISING,290.72503662109375,65955800,0.0295271949916797,0.0175489269826194,0.0137172693451352,0.0,0.2869886699806864,-0.0556895155140825,0.0907873694793214,-0.036775025652666,0.0642095643429365,0.1891490530764701,-0.0034256702470645,-0.0014185944734103,0.0,0.4466105280654767,-0.0766641127437665,0.0698127722496374,-0.0519108894712117,0.0490737005243909,0.380519539710978,-0.0037427572511308,-0.036673474438529,0.1230580647219713,0.6379810146999847,-0.0769811997478328,0.0694956852455711,-0.0871657694363304,0.0138188205592722,0.400804212220872,-0.0103804994844241,0.0243747995668041,0.1433427372318653,0.6582656872098787,-0.0836189419811261,0.0628579430122778,-0.0261174954309972,0.0748670945646054,RECOVERY,0.7533465686677574,-0.0045605131234099,-0.2601270753031065,0.351187146770344,0.1393307288067879,0.0,0.0643030611629869,50.86083223849003,54.28005516740312,48.66546604853347,0.0,0.0,0.8197109360861856,0.1793498864268168,0.193950218292212,0.8873073749450332,VALIDATION,MID_CYCLE,RECOVERY,RECOVERY,BUST,RECOVERY,0.7582286553534828,0.1273291159581858,0.8684950186584994,0.18255346391324814,0.8197109360861856,0.22165067391392823,0.0,0.0,-0.03297956541413255,-0.04594724425078278,0.3139457619214995,0.6042347373610735,0.013951120445994081,0.02325186740999014,0.037642891697090036,0.20891685076797087,0.3648846804467345,0.3885555770882046,RECOVERY,BUST,False,0.4261348737087561,0.29478229674406886,recovery_acceleration_fade
2023-03-08,0.83669981214572,1.0,0.6330346288917219,0.6330346288917219,1.0,1.0,NEUTRAL,0.6181055143820783,0.83669981214572,0.8973856493178404,"{'base_weight': 0.05, 'posterior_weight': 0.6189554887017134, 'transition_weight': 0.3310445112982866, 'base_priors': {'MID_CYCLE': 0.1596259531598491, 'LATE_CYCLE': 0.18140683767905133, 'BUST': 0.5604995168489681, 'RECOVERY': 0.09846769231213146}, 'posterior_prior': {'MID_CYCLE': 0.03764289169709002, 'LATE_CYCLE': 0.20891685076797087, 'BUST': 0.3648846804467345, 'RECOVERY': 0.3885555770882046}, 'transition_prior': {'MID_CYCLE': 0.1830037451516528, 'LATE_CYCLE': 0.213236493505685, 'BUST': 0.25159379624144057, 'RECOVERY': 0.3521659651012216}, 'is_stable': True, 'stress_score': 0.09477744350856662}",RECOVERY,MID_CYCLE,RECOVERY,BUST,DEPLOY_PAUSE,0.0,DEPLOY_BASE,1.0,2,0.0,1000.0,-1.0,False,QQQ,292.1770935058594,RECOVERY,0.7822986431450881,0.1742209278049931,0.0239220353621786,0.0398700589369644,/tmp/regime_process_mainline_8yr_release_v7/mainline_snapshots/snapshot_2023-03-08.json,0.0947774435085666,0.7396935153808981,0.950357302405246,SELL_QLD,0.8973856493178404,System entropy is rebuilding into defensive fog.,0.0718683092906395,1.1738794104465686,VALIDATION,0.0718683092906395,0.1867967589811827,0.3334572153847689,0.4078777163434088,0.0342254176,0.0419815882,RISING,-0.0221200918,0.0093381016,FALLING,-0.031427465,0.0322922855,FALLING,0.0193221392,-0.0836119753,RISING,292.1770935058594,50876300,0.0371510813081016,0.0076238863164218,-0.0099250406661975,0.0,0.2172027297873025,-0.0423916082273383,0.0576393808601821,-0.0449353703620376,0.0250852890296426,0.2250411894956478,0.0358921364191777,0.0393178066662423,0.044989541016447,0.4050928379748487,-0.0141233581245824,0.085907630962938,0.0043074769704021,0.0743281363620824,0.3239271064137656,-0.0565924332972124,-0.0528496760460815,0.1438754579345647,0.5039787548929664,-0.1066079278409726,-0.0065769387534521,-0.0878600057419217,-0.0178393463502414,0.4138806227824848,0.0130764105616127,0.0234569100460369,0.2338289743032839,0.5939322712616857,-0.0369390839821474,0.063091905105373,-0.0115534196498032,0.0584672397418771,RECOVERY,0.7741917318202685,-0.0025854157725002,-0.256431701878636,0.351187146770344,0.1450212364012373,0.0,0.0457142440813038,52.47701200764371,54.28005516740312,48.66546604853347,0.0,0.0,0.8197109360861856,0.1886427355755482,0.1678365580922562,0.5002582423960042,VALIDATION,MID_CYCLE,RECOVERY,RECOVERY,BUST,RECOVERY,0.7822986431450881,0.17422092780499318,0.6297917304744913,0.1929570100971149,0.8197109360861856,0.158598156179622,0.0,0.0,0.0034640669450184403,0.03644363235915099,0.35296522441360645,0.8015263764710727,0.02392203536217865,0.03987005893696441,0.08444137278277691,0.19815682766536852,0.32538215551863153,0.3920196440332231,RECOVERY,BUST,False,0.5311633651852788,0.3466707806345228,stabilizer_barrier_hold
2023-03-15,0.8231465966845959,1.0,0.6261967492581031,0.6270408624761029,1.001348,1.005394,REWARD,0.630112905437207,0.8231465966845959,0.903012571939322,"{'base_weight': 0.05, 'posterior_weight': 0.6110563487753063, 'transition_weight': 0.3389436512246936, 'base_priors': {'MID_CYCLE': 0.1576629551036221, 'LATE_CYCLE': 0.18134546918958638, 'BUST': 0.5560489472298243, 'RECOVERY': 0.10494262847696717}, 'posterior_prior': {'MID_CYCLE': 0.06870952638993046, 'LATE_CYCLE': 0.1448550984468084, 'BUST': 0.32921152397061265, 'RECOVERY': 0.45722385119264847}, 'transition_prior': {'MID_CYCLE': 0.21946148371170093, 'LATE_CYCLE': 0.17668297910053474, 'BUST': 0.2274672213718559, 'RECOVERY': 0.3763883158159084}, 'is_stable': True, 'stress_score': 0.055281743876532036}",RECOVERY,MID_CYCLE,RECOVERY,BUST,DEPLOY_PAUSE,0.0,DEPLOY_BASE,1.0,2,0.0,1000.0,-1.0,False,QQQ,293.2659606933594,RECOVERY,0.8229039053472764,0.2720718701908164,0.0431063395906164,0.0718438993176941,/tmp/regime_process_mainline_8yr_release_v7/mainline_snapshots/snapshot_2023-03-15.json,0.055281743876532,0.3340385387994901,0.9134793303260262,SELL_QLD,0.903012571939322,System entropy is rebuilding into defensive fog.,0.0872463676217983,1.1414077508932228,VALIDATION,0.0872463676217983,0.1618858845823948,0.3659383352975098,0.384929412498297,0.0185368412,0.0090777004,RISING,0.0170307862,0.0415433748,RISING,0.0367268113,0.1100397663,RISING,-0.0722944387,-0.1606608414,FALLING,293.2659606933594,83631500,0.1644588680889228,0.0399187730049203,0.0182762876140886,0.0111198837794683,0.3177978523983773,-0.002082922287916,0.0819204682977566,-0.0113915092478022,0.0479440844759795,0.1273244598097301,0.0014083855219466,-0.005388846742284,0.0,0.2806634441191846,-0.0405933097708896,0.043410080814783,-0.0350566436041749,0.0242789501196068,0.297110878989928,-0.0415929659460846,0.0417459455894753,0.1437718946804735,0.4504498632993824,-0.083594661238921,0.0004087293467516,0.0120781487275844,0.0714137424513662,0.411105793111419,0.0002658074192176,-0.05463338646128,0.2577668088019645,0.5644447774208734,-0.0417358878736186,0.042267502712054,-0.0843011833231709,-0.0249655895993891,RECOVERY,0.8136473222919651,0.0071021283890786,-0.2536606183834361,0.351187146770344,0.1492884294188274,0.0,0.1526943575915067,54.204885687124595,49.1429348208916,48.66546604853347,0.0,0.0,0.8197109360861856,0.2005091865662511,0.1575120386049509,0.3666949215472723,VALIDATION,MID_CYCLE,RECOVERY,RECOVERY,BUST,RECOVERY,0.8229039053472764,0.2720718701908164,0.4847503067422062,0.2126630407835835,0.8197109360861856,0.16681043617328534,0.0,0.0,-0.009183977087084905,-0.027064955127375057,0.3297746201514783,0.6681258750602466,0.04310633959061649,0.07184389931769415,0.2068715253095496,0.1307072939297614,0.28483811798714304,0.3775830627735459,RECOVERY,BUST,False,0.5256774596197531,0.294707706170974,recovery_acceleration_fade
2023-04-06,0.9111439664356702,1.0,0.6499402324851676,0.5644607430489509,0.868481,0.908948,PENALTY,0.5947338665750512,0.9111439664356702,0.935300927008873,"{'base_weight': 0.05, 'posterior_weight': 0.6077576535621011, 'transition_weight': 0.34224234643789886, 'base_priors': {'MID_CYCLE': 0.1539549493356476, 'LATE_CYCLE': 0.18291469643185684, 'BUST': 0.5282416740962624, 'RECOVERY': 0.13488868013623312}, 'posterior_prior': {'MID_CYCLE': 0.14660244177854906, 'LATE_CYCLE': 0.24200379890245208, 'BUST': 0.16052344508163613, 'RECOVERY': 0.4508703142373628}, 'transition_prior': {'MID_CYCLE': 0.25951915407585185, 'LATE_CYCLE': 0.2526333380376547, 'BUST': 0.1658248415300945, 'RECOVERY': 0.322022666356399}, 'is_stable': False, 'stress_score': 0.03878826781050562}",RECOVERY,MID_CYCLE,RECOVERY,BUST,DEPLOY_PAUSE,0.0,DEPLOY_BASE,1.0,2,0.0,1000.0,-1.0,False,QQQ,312.5067443847656,RECOVERY,0.887252748852358,0.3114328287634991,0.0519905168118634,0.0866508613531057,/tmp/regime_process_mainline_8yr_release_v7/mainline_snapshots/snapshot_2023-04-06.json,0.0387882678105056,0.3593662734676877,0.7319458492498988,SELL_QLD,0.935300927008873,System entropy is rebuilding into defensive fog.,0.1499695452083356,1.0008304241753143,VALIDATION,0.1499695452083356,0.2596386050681269,0.1599458292050971,0.4304460205184403,0.0033671034,-0.0007087486,RISING,0.0176348062,0.0294315534,RISING,-0.0005776159,-0.0013628687,FALLING,-0.0204242937,-0.0273599361,FALLING,312.5067443847656,46916500,0.2565751977004454,-0.0130062639927274,-0.0134183805475103,0.1349959118322402,0.3781544835686507,-0.045480049753189,0.0194675217677341,-0.0367342377211514,0.0098974766261306,0.2174963379952521,0.0297711073316207,0.039971461478965,0.0959170521270468,0.3390756238634574,-0.0027026784288408,0.0622448930920823,0.0166556043053239,0.0632873186526061,0.1267746238852416,0.0001481587972928,-0.0085004231650095,0.0051953380170363,0.2483539097534469,-0.0323256269631687,0.0326219445577544,-0.0318162803386506,0.0148154340086314,0.3991538404190607,-0.0169130021361861,-0.0180526577664451,0.2775745545508554,0.520733126287266,-0.0493867878966477,0.0155607836242753,-0.0413685149400861,0.0052631994071959,RECOVERY,0.885984488322398,0.0413641441248513,-0.2046942993189564,0.351187146770344,0.1850535796988037,0.0,0.1294795529773675,62.96785690605722,61.47223293960311,54.09734422416921,0.0,0.0,0.8197109360861856,0.3843076045521287,0.1085530646602827,0.2078964293410263,VALIDATION,MID_CYCLE,RECOVERY,RECOVERY,BUST,RECOVERY,0.887252748852358,0.31143282876349915,0.4324630837744327,0.3511285406635865,0.8197109360861856,0.10855306466028276,0.0,0.0,-0.003848329341023027,0.008299997866778208,0.3870520998269197,0.8765022455585421,0.05199051681186343,0.08665086135310572,0.276505271641086,0.21592328999000357,0.12890952180722234,0.3786619165616881,RECOVERY,BUST,False,0.6505277397277612,0.6489308848552753,stabilizer_barrier_hold
2023-04-10,0.8991511307250228,1.0,0.6430875364661254,0.5183645672937391,0.806056,0.865731,PENALTY,0.5642532753078341,0.8991511307250228,0.9432307430986756,"{'base_weight': 0.05, 'posterior_weight': 0.6, 'transition_weight': 0.35, 'base_priors': {'MID_CYCLE': 0.1539353671536791, 'LATE_CYCLE': 0.18329167740850494, 'BUST': 0.5264320618154187, 'RECOVERY': 0.1363408936223972}, 'posterior_prior': {'MID_CYCLE': 0.14996954520833564, 'LATE_CYCLE': 0.25963860506812697, 'BUST': 0.15994582920509715, 'RECOVERY': 0.4304460205184403}, 'transition_prior': {'MID_CYCLE': 0.2559714594519705, 'LATE_CYCLE': 0.2647333778004706, 'BUST': 0.16779058870433378, 'RECOVERY': 0.3115045740432251}, 'is_stable': True, 'stress_score': 0.0}",RECOVERY,MID_CYCLE,RECOVERY,BUST,DEPLOY_PAUSE,0.0,DEPLOY_BASE,1.0,2,0.0,1000.0,-1.0,False,QQQ,312.32989501953125,RECOVERY,0.8822101587826957,0.3741355021988541,0.0675483923282243,0.1125806538803739,/tmp/regime_process_mainline_8yr_release_v7/mainline_snapshots/snapshot_2023-04-10.json,0.0,0.3482308874008487,0.7056630483617673,SELL_QLD,0.9432307430986756,System entropy is rebuilding into defensive fog.,0.1450554711684134,1.0021212617620443,VALIDATION,0.1450554711684134,0.2969949322249166,0.162074737484435,0.395874859122235,-0.004914074,-0.0082811774,FALLING,0.0373563271,0.0197215209,RISING,0.0021289083,0.0027065242,RISING,-0.0345711614,-0.0141468677,FALLING,312.32989501953125,45134700,0.2442681796776319,-0.0123070180228135,0.0006992459699139,0.1303579659185913,0.3581783934366725,-0.0424800821505257,0.0178660461048986,-0.0210827967818941,0.022481288721722,0.2364558326525746,0.0189594946573224,-0.0108116126742982,0.1225456188935339,0.3503660464116153,-0.0112135694703897,0.0491325587850346,-0.0325936554261063,0.0109704300775098,0.125527000375298,-0.0012476235099435,-0.0013957823072364,0.0116167866162573,0.2394372141343387,-0.0314206876376557,0.0289254406177686,-0.0231778250590445,0.0203862604445716,0.3937489872944953,-0.0054048531245653,0.0115081490116208,0.2798387735354547,0.507659201053536,-0.0355779172522775,0.0247682110031468,-0.0102738937401872,0.0332901917634289,RECOVERY,0.8824712929009928,0.0423879826579576,-0.2051443673922378,0.351187146770344,0.1767653591439797,0.0,0.0837597101504474,62.68114974119305,59.973315616305406,54.09734422416921,0.0,0.0,0.8197109360861856,0.3864522629073049,0.1088960987611352,0.1695510687952032,VALIDATION,MID_CYCLE,RECOVERY,RECOVERY,BUST,RECOVERY,0.8822101587826957,0.3741355021988541,0.35450947856261433,0.3556018160947199,0.8197109360861856,0.10889609876113523,0.0,0.0,-0.00214562164765858,0.0010160058539955275,0.38872450176268214,0.8247118183037273,0.06754839232822438,0.11258065388037397,0.257166373553646,0.2425301766420711,0.1269487823919075,0.37335466741237544,RECOVERY,BUST,False,0.7476825619404975,0.6015882857453749,stabilizer_barrier_hold
2023-04-11,0.890485193761426,1.0,0.6403527759217291,0.5,0.763337,0.836157,PENALTY,0.5432286953655864,0.890485193761426,0.9420105280780818,"{'base_weight': 0.05, 'posterior_weight': 0.6, 'transition_weight': 0.35, 'base_priors': {'MID_CYCLE': 0.1538917322347356, 'LATE_CYCLE': 0.18385040380752568, 'BUST': 0.5246416464389287, 'RECOVERY': 0.13761621751881004}, 'posterior_prior': {'MID_CYCLE': 0.14505547116841344, 'LATE_CYCLE': 0.2969949322249166, 'BUST': 0.16207473748443502, 'RECOVERY': 0.395874859122235}, 'transition_prior': {'MID_CYCLE': 0.24361602934775187, 'LATE_CYCLE': 0.28825209994028467, 'BUST': 0.17358534068539372, 'RECOVERY': 0.2945465300265697}, 'is_stable': True, 'stress_score': 0.0}",RECOVERY,MID_CYCLE,RECOVERY,BUST,DEPLOY_PAUSE,0.0,DEPLOY_BASE,1.0,2,0.0,1000.0,-1.0,False,QQQ,310.3254699707031,RECOVERY,0.8783200792288844,0.3631007266367547,0.0646842011644112,0.1078070019406854,/tmp/regime_process_mainline_8yr_release_v7/mainline_snapshots/snapshot_2023-04-11.json,0.0,0.3492174469936551,0.7220985514833035,SELL_QLD,0.9420105280780818,System entropy is rebuilding into defensive fog.,0.132984169631575,1.0260021252424254,VALIDATION,0.132984169631575,0.3153021569697373,0.1693762369741591,0.3823374364245286,-0.0120713016,-0.0071572276,FALLING,0.0183072248,-0.0190491024,RISING,0.0073014995,0.0051725912,RISING,-0.0135374227,0.0210337387,FALLING,310.3254699707031,40113600,0.2502956115994475,0.0060274319218155,0.018334449944629,0.1128486579663698,0.3877425652325251,-0.0312066541681077,0.0432615180117388,-0.0081549407819864,0.0448238406712446,0.2414101390950787,0.0049543064425041,-0.0140051882148183,0.103963185462001,0.3788570927281564,-0.0322797796474191,0.0421883925324274,-0.0404945789414338,0.0124842025117971,0.1297008959757961,0.0041738956004981,0.0054215191104417,0.0,0.2671478496088738,-0.0330601904894251,0.0414079816904214,-0.0210678716161738,0.0319109098370572,0.3785933533296776,-0.0151556339648177,-0.0097507808402523,0.2411463996966,0.5160403069627553,-0.052389720054741,0.0220784521251055,-0.0362401715668679,0.0167386098863631,RECOVERY,0.8804526371065747,0.0431808396583486,-0.2102454754373115,0.351187146770344,0.159399609996877,0.0,0.0414003892974592,59.38096764759339,59.973315616305406,54.09734422416921,0.0,0.0,0.8197109360861856,0.3645468958560269,0.1126973578952257,0.2872347681653882,VALIDATION,MID_CYCLE,RECOVERY,RECOVERY,BUST,RECOVERY,0.8783200792288844,0.36310072663675474,0.36780497393125355,0.3334181574933771,0.8197109360861856,0.11269735789522577,0.0,0.0,-0.006462429588224128,-0.004316807940565548,0.3799906107634447,0.8153998016193772,0.06468420116441126,0.10780700194068545,0.25309713313177695,0.24671716328512977,0.13329346575894202,0.3668922378241513,RECOVERY,BUST,False,0.7310029279209806,0.5654877141874692,recovery_acceleration_fade
2023-04-12,0.8812208248955591,1.0,0.6389502171065979,0.6389502171065979,1.0,1.0,NEUTRAL,0.548981716663077,0.8812208248955591,0.9355588506852484,"{'base_weight': 0.05, 'posterior_weight': 0.6, 'transition_weight': 0.35, 'base_priors': {'MID_CYCLE': 0.15378898572092684, 'LATE_CYCLE': 0.18449640016912103, 'BUST': 0.5228957574994961, 'RECOVERY': 0.13881885661045604}, 'posterior_prior': {'MID_CYCLE': 0.13298416963157506, 'LATE_CYCLE': 0.3153021569697373, 'BUST': 0.1693762369741591, 'RECOVERY': 0.38233743642452866}, 'transition_prior': {'MID_CYCLE': 0.2328219111000412, 'LATE_CYCLE': 0.2981096693096643, 'BUST': 0.17927678711746145, 'RECOVERY': 0.2897916324728331}, 'is_stable': True, 'stress_score': 0.0}",RECOVERY,MID_CYCLE,RECOVERY,BUST,DEPLOY_PAUSE,0.0,DEPLOY_BASE,1.0,2,0.0,1000.0,-1.0,False,QQQ,307.5840759277344,RECOVERY,0.8693391039720425,0.2111899366585902,0.0306492537696299,0.0510820896160499,/tmp/regime_process_mainline_8yr_release_v7/mainline_snapshots/snapshot_2023-04-12.json,0.0,0.3619438333223445,0.8031728438027511,SELL_QLD,0.9355588506852484,System entropy is rebuilding into defensive fog.,0.115227381122699,1.0646769593931962,VALIDATION,0.115227381122699,0.3324426259751183,0.1792060819993925,0.37312391090279,-0.0177567885,-0.005685487,FALLING,0.017140469,-0.0011667557,RISING,0.009829845,0.0025283455,RISING,-0.0092135255,0.0043238972,FALLING,307.5840759277344,62813300,0.2546661044056553,0.0043704928062078,-0.0016569391156077,0.0920099014662276,0.4173223073450831,-0.0404263680756204,0.0491673536880361,-0.0331881797034932,0.0298743014722778,0.2460699844019716,0.0046598453068929,-0.0002944611356111,0.0834137814625439,0.4087261873413993,-0.0401370155749353,0.0494567061887212,-0.0318257017234967,0.0312367794522743,0.1389883894322026,0.0092874934564064,0.0051135978559082,0.0,0.3016445923716303,-0.0355093674254218,0.0540843543382347,-0.0264176427319772,0.0366448384437938,0.3602755217601704,-0.0183178315695072,-0.0031621976046894,0.1976193188207426,0.5229317246995981,-0.0631146924513355,0.026479029312321,-0.034693438192575,0.028369042983196,RECOVERY,0.8760113375357785,0.0444162899944424,-0.2172221130598958,0.351187146770344,0.1394680395116898,0.0,0.0269237914876014,55.10752223513653,59.973315616305406,54.09734422416921,0.0,0.0,0.8197109360861856,0.3204018655058755,0.1176400437790984,0.4132810146971385,VALIDATION,MID_CYCLE,RECOVERY,RECOVERY,BUST,RECOVERY,0.8693391039720425,0.21118993665859023,0.5748302569490621,0.28149654486489667,0.8197109360861856,0.11764004377909848,0.0,0.0,-0.021433870546441414,-0.014971440958217286,0.3598649830939123,0.843862889477433,0.030649253769629983,0.05108208961604997,0.24255895293482418,0.2682513819430654,0.1437312978444005,0.34545836727770984,RECOVERY,BUST,False,0.8120654035338568,0.4976501561855613,recovery_acceleration_fade
2023-04-14,1.0123177128730658,1.0,0.9062080875427752,0.9062080875427752,1.0,1.0,NEUTRAL,0.6783066352024234,1.0123177128730658,0.4486288729293449,"{'base_weight': 0.05, 'posterior_weight': 0.6, 'transition_weight': 0.35, 'base_priors': {'MID_CYCLE': 0.15329448765470624, 'LATE_CYCLE': 0.1860939356150907, 'BUST': 0.5193234676926506, 'RECOVERY': 0.14128810903755248}, 'posterior_prior': {'MID_CYCLE': 0.09155113653814535, 'LATE_CYCLE': 0.3623117684226542, 'BUST': 0.1380772968703793, 'RECOVERY': 0.4080597981688212}, 'transition_prior': {'MID_CYCLE': 0.21361996671200306, 'LATE_CYCLE': 0.32119433535783054, 'BUST': 0.17240222609067796, 'RECOVERY': 0.29278347183948855}, 'is_stable': True, 'stress_score': 0.0}",MID_CYCLE,MID_CYCLE,MID_CYCLE,MID_CYCLE,DEPLOY_BASE,1.0,DEPLOY_BASE,1.0,0,1000.0,1000.0,0.0,False,QQQ,313.0177001953125,LATE_CYCLE,0.8444496183535353,0.2927567623342399,0.0366614622454225,0.0611024370757043,/tmp/regime_process_mainline_8yr_release_v7/mainline_snapshots/snapshot_2023-04-14.json,0.0,0.7349575202129284,0.0721663506864655,HOLD,0.0,Noise: No resonance detected,0.8031748024827132,0.0702882956502884,VALIDATION,0.8031748024827132,0.0153075151073622,0.0046209205774237,0.1768967618325008,0.711623666,0.7352999106,RISING,-0.3470042533,-0.3768733957,FALLING,-0.1334563763,-0.0923275912,FALLING,-0.2311630364,-0.2660989237,FALLING,313.0177001953125,56278300,0.1973901055118065,-0.0602704502513771,-0.0632649016089055,0.0,0.4545852354143807,-0.1334289892221494,0.012888088719395,-0.1137039275894203,-0.0128258756283906,0.3274218128079919,0.0814987195668374,0.0816456107276547,0.0702266829054177,0.5846169427105661,0.0083401805960652,0.1546572585376097,0.0312065847471398,0.1320846367081695,0.1241543175895578,-0.001056740904221,0.0127205900342027,0.0,0.3813494474921319,-0.0742152798749932,0.0721017980665512,-0.0377184359463121,0.0631596160147175,0.3510337640906438,-0.0201715284112392,-0.0311012991529517,0.0938386341880696,0.6082288939932179,-0.0933300673820114,0.052987010559533,-0.0815403251334666,0.019337726827563,RECOVERY,0.8647562957146808,0.0462109617515282,-0.2033939559624504,0.351187146770344,0.1595973039183267,0.1524725034552408,-0.0406369483530446,60.70846062052547,60.16220015920275,54.09734422416921,0.0,0.0,0.8197109360861856,0.3376665854838185,0.1075549760712442,0.8859756495128707,VALIDATION,MID_CYCLE,MID_CYCLE,MID_CYCLE,MID_CYCLE,LATE_CYCLE,0.8444496183535353,0.2927567623342399,0.4718399148244336,0.28052126981884745,0.8197109360861856,0.1075549760712442,0.0,0.0,-0.027581030811509866,-0.028351724795859345,0.36030118399304195,0.6837832819154241,0.036661462245422584,0.06110243707570432,0.13783974187584097,0.4174871553969185,0.12602507227669105,0.31864803045054957,MID_CYCLE,MID_CYCLE,True,0.20341510958001965,0.0,topology_not_confirmed
